Supplier Name,Code
Omar Supply Foods,S-2001
Youssef Supply Textiles,S-2002
Khaled Supply Electronics,S-2003
Tarek Supply Motors,S-2004
Hassan Supply Pharma,S-2005
Omar Supply Foods,S-9001
Sami Supply Steel,S-2006
Adel Supply Group,S-2007
Karim Supply Holdings,S-2008
,S-9002
Fady Supply Retail,S-2009
Wael Supply Logistics,S-2010
Ziad Supply Farms,S-2011
Bassem Supply Mills,S-2012
Ehab Supply Works,S-2013
Sherif Supply Stores,S-2014
Amir Supply Trading,S-2015
Omar Supply Foods,S-2016
Youssef Supply Textiles,S-2017
Khaled Supply Electronics,S-2018
Tarek Supply Motors,S-2019
Hassan Supply Pharma,S-2020
